model_size_pct,data_subset_pct,step,train_loss,test_accuracy,test_error_rate,test_f1,test_precision,elapsed_sec
12.5,1,500,0.32559,0.25467,0.74533,0.2326,0.30449,20.71
12.5,1,1000,0.03062,0.298,0.702,0.29047,0.30435,28.03
12.5,1,1500,0.01745,0.298,0.702,0.28555,0.30927,35.29
12.5,1,2000,0.00626,0.23533,0.76467,0.19092,0.2266,42.62
12.5,1,2500,0.01506,0.266,0.734,0.24827,0.25559,50.02
12.5,1,3000,0.00261,0.23867,0.76133,0.20387,0.22934,57.55
12.5,1,3500,0.01378,0.23533,0.76467,0.22607,0.23471,64.99
12.5,1,4000,0.00038,0.25067,0.74933,0.23949,0.2449,72.43
12.5,1,4500,0.00013,0.23733,0.76267,0.2236,0.22577,79.78
12.5,1,5000,8e-05,0.26133,0.73867,0.25187,0.26149,87.19
12.5,1,5500,7e-05,0.26267,0.73733,0.24516,0.25783,94.65
12.5,1,6000,6e-05,0.25733,0.74267,0.24137,0.24761,102.09
12.5,1,6500,3e-05,0.27267,0.72733,0.26182,0.2699,109.54
12.5,1,7000,0.00121,0.24333,0.75667,0.2163,0.25198,116.95
12.5,1,7500,0.00174,0.218,0.782,0.19502,0.20544,124.38
12.5,1,8000,0.00038,0.224,0.776,0.20696,0.21841,131.81
12.5,1,8500,4e-05,0.22667,0.77333,0.21116,0.22541,139.28
12.5,1,9000,3e-05,0.22467,0.77533,0.20647,0.22171,146.75
12.5,1,9500,7e-05,0.23133,0.76867,0.21956,0.23129,154.19
12.5,1,10000,2e-05,0.22667,0.77333,0.20986,0.22608,161.57
12.5,2,500,0.26869,0.358,0.642,0.33426,0.40806,13.55
12.5,2,1000,0.0379,0.378,0.622,0.35022,0.35518,22.46
12.5,2,1500,0.00323,0.336,0.664,0.32296,0.38175,31.37
12.5,2,2000,0.01666,0.37467,0.62533,0.35074,0.36728,40.28
12.5,2,2500,0.00393,0.38533,0.61467,0.38356,0.3928,49.2
12.5,2,3000,0.00165,0.41,0.59,0.40359,0.41364,57.96
12.5,2,3500,0.01198,0.32533,0.67467,0.32048,0.32732,66.93
12.5,2,4000,0.01298,0.32933,0.67067,0.32116,0.35598,75.88
12.5,2,4500,0.00488,0.33733,0.66267,0.33593,0.3423,84.88
12.5,2,5000,0.0001,0.364,0.636,0.36331,0.37259,93.85
12.5,2,5500,0.00039,0.33933,0.66067,0.32836,0.34403,102.79
12.5,2,6000,7e-05,0.36933,0.63067,0.35848,0.3589,111.72
12.5,2,6500,2e-05,0.372,0.628,0.36041,0.35835,120.78
12.5,2,7000,0.00021,0.374,0.626,0.37246,0.38272,129.8
12.5,2,7500,3e-05,0.37,0.63,0.36777,0.38296,138.63
12.5,2,8000,3e-05,0.38,0.62,0.3758,0.38377,147.54
12.5,2,8500,1e-05,0.37333,0.62667,0.37211,0.38457,156.52
12.5,2,9000,1e-05,0.38133,0.61867,0.37979,0.39091,165.37
12.5,2,9500,1e-05,0.38267,0.61733,0.37967,0.38647,173.86
12.5,2,10000,1e-05,0.38133,0.61867,0.37584,0.38098,182.35
12.5,5,500,0.30052,0.18267,0.81733,0.10142,0.18181,16.45
12.5,5,1000,0.02834,0.676,0.324,0.66532,0.66521,26.13
12.5,5,1500,0.02724,0.554,0.446,0.55875,0.61592,35.72
12.5,5,2000,0.0056,0.68933,0.31067,0.68079,0.68375,45.32
12.5,5,2500,0.00545,0.49133,0.50867,0.47009,0.51953,54.96
12.5,5,3000,0.01104,0.668,0.332,0.65886,0.65704,64.67
12.5,5,3500,7e-05,0.67667,0.32333,0.66656,0.66551,74.32
12.5,5,4000,3e-05,0.67733,0.32267,0.66683,0.66705,83.97
12.5,5,4500,3e-05,0.67467,0.32533,0.66402,0.66341,93.6
12.5,5,5000,2e-05,0.67533,0.32467,0.66551,0.66389,103.25
12.5,5,5500,2e-05,0.67267,0.32733,0.65983,0.66194,112.88
12.5,5,6000,1e-05,0.68133,0.31867,0.6711,0.67196,122.5
12.5,5,6500,1e-05,0.67933,0.32067,0.66819,0.66975,132.14
12.5,5,7000,1e-05,0.68133,0.31867,0.6719,0.67197,141.83
12.5,5,7500,1e-05,0.67533,0.32467,0.66563,0.66425,151.51
12.5,5,8000,1e-05,0.68133,0.31867,0.67103,0.67056,161.18
12.5,5,8500,1e-05,0.68133,0.31867,0.6708,0.67055,170.88
12.5,5,9000,1e-05,0.68,0.32,0.66976,0.66897,180.54
12.5,5,9500,1e-05,0.67933,0.32067,0.66932,0.66795,190.22
12.5,5,10000,1e-05,0.67667,0.32333,0.66643,0.6648,199.89
12.5,10,500,0.34466,0.72133,0.27867,0.71307,0.72078,17.34
12.5,10,1000,0.00052,0.74267,0.25733,0.73532,0.7348,27.74
12.5,10,1500,0.00011,0.736,0.264,0.72728,0.7298,38.12
12.5,10,2000,6e-05,0.742,0.258,0.73557,0.73532,48.5
12.5,10,2500,4e-05,0.73467,0.26533,0.72688,0.7283,58.95
12.5,10,3000,3e-05,0.74533,0.25467,0.7386,0.73967,69.33
12.5,10,3500,2e-05,0.744,0.256,0.73682,0.73882,79.71
12.5,10,4000,2e-05,0.74,0.26,0.73189,0.73384,90.08
12.5,10,4500,1e-05,0.74667,0.25333,0.73919,0.74127,100.45
12.5,10,5000,1e-05,0.74133,0.25867,0.73391,0.73457,110.85
12.5,10,5500,1e-05,0.742,0.258,0.7341,0.73545,121.23
12.5,10,6000,1e-05,0.73933,0.26067,0.73151,0.73199,131.65
12.5,10,6500,1e-05,0.74533,0.25467,0.73774,0.74036,142.05
12.5,10,7000,1e-05,0.74333,0.25667,0.73567,0.73942,152.45
12.5,10,7500,0.0,0.74667,0.25333,0.73866,0.7416,162.82
12.5,10,8000,0.0,0.74267,0.25733,0.73424,0.73657,173.25
12.5,10,8500,0.0,0.74467,0.25533,0.73651,0.73936,183.61
12.5,10,9000,0.0,0.74467,0.25533,0.73682,0.73927,193.96
12.5,10,9500,0.0,0.74467,0.25533,0.73577,0.73751,204.36
12.5,10,10000,0.0,0.74467,0.25533,0.73635,0.73911,214.75
12.5,20,500,0.46205,0.768,0.232,0.76434,0.77023,17.35
12.5,20,1000,0.04513,0.718,0.282,0.70129,0.76767,27.75
12.5,20,1500,0.03574,0.818,0.182,0.81515,0.81694,38.13
12.5,20,2000,0.00021,0.82267,0.17733,0.82003,0.82122,48.48
12.5,20,2500,0.00011,0.81733,0.18267,0.81372,0.8179,58.82
12.5,20,3000,7e-05,0.81333,0.18667,0.80968,0.8139,69.19
12.5,20,3500,5e-05,0.82067,0.17933,0.81764,0.82079,79.56
12.5,20,4000,5e-05,0.81533,0.18467,0.81201,0.81572,89.97
12.5,20,4500,3e-05,0.81933,0.18067,0.8156,0.81886,100.34
12.5,20,5000,3e-05,0.81667,0.18333,0.81395,0.81891,110.73
12.5,20,5500,2e-05,0.81867,0.18133,0.81516,0.81916,121.07
12.5,20,6000,1e-05,0.81733,0.18267,0.81452,0.8201,131.44
12.5,20,6500,1e-05,0.82267,0.17733,0.81958,0.82227,141.79
12.5,20,7000,1e-05,0.81667,0.18333,0.81313,0.81722,152.29
12.5,20,7500,1e-05,0.82133,0.17867,0.81817,0.82134,162.68
12.5,20,8000,1e-05,0.818,0.182,0.81417,0.81741,173.12
12.5,20,8500,1e-05,0.814,0.186,0.81025,0.81434,183.52
12.5,20,9000,1e-05,0.82267,0.17733,0.81909,0.82174,193.94
12.5,20,9500,1e-05,0.82067,0.17933,0.81766,0.82082,204.34
12.5,20,10000,1e-05,0.82333,0.17667,0.82051,0.82391,214.72
12.5,50,500,0.65699,0.78133,0.21867,0.77351,0.79977,17.23
12.5,50,1000,0.17472,0.89867,0.10133,0.89832,0.9079,27.67
12.5,50,1500,0.05767,0.89867,0.10133,0.89834,0.90066,38.11
12.5,50,2000,0.05008,0.85267,0.14733,0.85256,0.87926,48.53
12.5,50,2500,0.03813,0.93733,0.06267,0.93742,0.93929,58.92
12.5,50,3000,0.01511,0.81867,0.18133,0.8252,0.85793,69.32
12.5,50,3500,0.01389,0.93533,0.06467,0.93504,0.93594,79.72
12.5,50,4000,0.02541,0.86067,0.13933,0.85605,0.86593,90.12
12.5,50,4500,0.00798,0.936,0.064,0.93579,0.93734,100.56
12.5,50,5000,0.00028,0.94133,0.05867,0.94105,0.94207,110.97
12.5,50,5500,0.00019,0.94067,0.05933,0.9405,0.94193,121.34
12.5,50,6000,0.0002,0.936,0.064,0.9357,0.93731,131.78
12.5,50,6500,0.00016,0.94133,0.05867,0.94113,0.94234,142.35
12.5,50,7000,0.00014,0.93667,0.06333,0.9363,0.93731,152.73
12.5,50,7500,8e-05,0.94,0.06,0.93968,0.94089,163.12
12.5,50,8000,5e-05,0.94267,0.05733,0.94256,0.94311,173.54
12.5,50,8500,6e-05,0.94267,0.05733,0.94244,0.94328,183.97
12.5,50,9000,5e-05,0.94133,0.05867,0.94104,0.9423,194.4
12.5,50,9500,5e-05,0.94467,0.05533,0.94446,0.9455,204.81
12.5,50,10000,6e-05,0.942,0.058,0.94174,0.94272,215.23
12.5,100,500,0.71698,0.768,0.232,0.76445,0.80025,17.04
12.5,100,1000,0.26119,0.86933,0.13067,0.87176,0.8885,27.41
12.5,100,1500,0.13817,0.89067,0.10933,0.88888,0.89671,37.81
12.5,100,2000,0.08846,0.92867,0.07133,0.92875,0.93137,48.23
12.5,100,2500,0.05886,0.89333,0.10667,0.89425,0.91025,58.65
12.5,100,3000,0.04661,0.962,0.038,0.96186,0.96251,69.09
12.5,100,3500,0.02085,0.934,0.066,0.93419,0.93802,79.54
12.5,100,4000,0.03035,0.9,0.1,0.89802,0.90914,90.05
12.5,100,4500,0.01715,0.97267,0.02733,0.97268,0.9729,100.55
12.5,100,5000,0.00275,0.97,0.03,0.96998,0.97044,110.94
12.5,100,5500,0.01035,0.93,0.07,0.93068,0.93746,121.39
12.5,100,6000,0.00641,0.97333,0.02667,0.97328,0.97342,131.84
12.5,100,6500,0.00046,0.978,0.022,0.97798,0.97812,142.29
12.5,100,7000,0.00039,0.98,0.02,0.98001,0.98024,152.72
12.5,100,7500,0.00028,0.97533,0.02467,0.97529,0.97538,163.12
12.5,100,8000,0.0002,0.978,0.022,0.97798,0.97818,173.6
12.5,100,8500,0.00026,0.98,0.02,0.97998,0.98006,184.06
12.5,100,9000,0.00015,0.97933,0.02067,0.97932,0.97941,194.5
12.5,100,9500,0.00014,0.97867,0.02133,0.97863,0.97869,204.98
12.5,100,10000,0.00014,0.97733,0.02267,0.97727,0.9774,215.41
25.0,1,500,0.2956,0.18467,0.81533,0.16737,0.21168,23.64
25.0,1,1000,0.03414,0.28867,0.71133,0.26336,0.27306,31.8
25.0,1,1500,0.01131,0.23467,0.76533,0.20815,0.22483,40.06
25.0,1,2000,0.00954,0.208,0.792,0.19593,0.20699,48.27
25.0,1,2500,0.01002,0.234,0.766,0.22853,0.26368,56.72
25.0,1,3000,0.00624,0.268,0.732,0.25919,0.26459,65.25
25.0,1,3500,0.00018,0.25533,0.74467,0.24344,0.24969,73.61
25.0,1,4000,3e-05,0.262,0.738,0.24294,0.24479,81.77
25.0,1,4500,7e-05,0.25533,0.74467,0.2321,0.24589,89.8
25.0,1,5000,2e-05,0.262,0.738,0.24184,0.24565,97.89
25.0,1,5500,1e-05,0.26933,0.73067,0.24801,0.26303,106.22
25.0,1,6000,1e-05,0.26733,0.73267,0.2473,0.26357,114.73
25.0,1,6500,1e-05,0.264,0.736,0.24853,0.25224,123.15
25.0,1,7000,1e-05,0.27,0.73,0.25384,0.26095,131.71
25.0,1,7500,0.0,0.28067,0.71933,0.26559,0.28068,140.21
25.0,1,8000,1e-05,0.272,0.728,0.253,0.26501,148.57
25.0,1,8500,1e-05,0.27067,0.72933,0.25012,0.26151,156.95
25.0,1,9000,1e-05,0.266,0.734,0.24497,0.25989,165.39
25.0,1,9500,1e-05,0.27467,0.72533,0.26099,0.2646,173.89
25.0,1,10000,1e-05,0.274,0.726,0.25627,0.25886,182.42
25.0,2,500,0.23832,0.352,0.648,0.35177,0.37558,14.77
25.0,2,1000,0.05841,0.33533,0.66467,0.31781,0.33495,24.78
25.0,2,1500,0.00759,0.30933,0.69067,0.29986,0.35196,34.76
25.0,2,2000,0.01768,0.37667,0.62333,0.36065,0.3655,44.75
25.0,2,2500,0.01464,0.31333,0.68667,0.31636,0.32719,54.69
25.0,2,3000,0.00164,0.366,0.634,0.35346,0.35811,64.61
25.0,2,3500,0.00543,0.348,0.652,0.34623,0.36342,74.54
25.0,2,4000,0.00073,0.31933,0.68067,0.30976,0.31842,84.5
25.0,2,4500,0.00094,0.36067,0.63933,0.33295,0.33749,94.44
25.0,2,5000,0.00887,0.314,0.686,0.31511,0.33011,104.41
25.0,2,5500,0.00285,0.34467,0.65533,0.3108,0.32354,114.34
25.0,2,6000,0.00295,0.30133,0.69867,0.30386,0.31867,124.29
25.0,2,6500,0.00069,0.32533,0.67467,0.32025,0.32124,133.95
25.0,2,7000,0.00011,0.326,0.674,0.32757,0.33518,143.29
25.0,2,7500,3e-05,0.33267,0.66733,0.33313,0.3365,152.9
25.0,2,8000,3e-05,0.33533,0.66467,0.33597,0.34112,162.58
25.0,2,8500,1e-05,0.33467,0.66533,0.33548,0.33959,172.45
25.0,2,9000,2e-05,0.332,0.668,0.3303,0.33238,182.41
25.0,2,9500,1e-05,0.33467,0.66533,0.33448,0.33848,192.38
25.0,2,10000,1e-05,0.338,0.662,0.3359,0.33714,202.35
25.0,5,500,0.24697,0.65133,0.34867,0.63948,0.63704,18.99
25.0,5,1000,0.00017,0.65467,0.34533,0.6423,0.64046,30.49
25.0,5,1500,0.08778,0.654,0.346,0.6479,0.64858,42.01
25.0,5,2000,0.00023,0.67533,0.32467,0.6684,0.67071,53.55
25.0,5,2500,9e-05,0.67333,0.32667,0.66583,0.66755,65.08
25.0,5,3000,0.03554,0.65733,0.34267,0.64653,0.64934,76.59
25.0,5,3500,0.00067,0.65933,0.34067,0.65018,0.65368,88.14
25.0,5,4000,0.00013,0.67267,0.32733,0.66018,0.66121,99.74
25.0,5,4500,8e-05,0.674,0.326,0.66545,0.66894,111.34
25.0,5,5000,4e-05,0.67467,0.32533,0.66512,0.66738,122.92
25.0,5,5500,6e-05,0.666,0.334,0.65574,0.6541,134.48
25.0,5,6000,0.01881,0.63133,0.36867,0.62267,0.63125,146.04
25.0,5,6500,0.00029,0.63333,0.36667,0.62372,0.62238,157.61
25.0,5,7000,6e-05,0.63933,0.36067,0.62703,0.62281,169.2
25.0,5,7500,6e-05,0.646,0.354,0.63424,0.63096,180.78
25.0,5,8000,0.00014,0.642,0.358,0.62839,0.62148,192.4
25.0,5,8500,4e-05,0.642,0.358,0.6303,0.62526,204.0
25.0,5,9000,3e-05,0.648,0.352,0.63486,0.62976,215.59
25.0,5,9500,3e-05,0.64267,0.35733,0.63079,0.62527,227.14
25.0,5,10000,3e-05,0.64933,0.35067,0.638,0.63333,238.66
25.0,10,500,0.31311,0.64333,0.35667,0.61709,0.64838,19.32
25.0,10,1000,0.00678,0.704,0.296,0.69681,0.69485,31.8
25.0,10,1500,6e-05,0.70067,0.29933,0.6915,0.69129,44.23
25.0,10,2000,3e-05,0.702,0.298,0.69365,0.69184,56.65
25.0,10,2500,2e-05,0.70067,0.29933,0.69128,0.68935,69.05
25.0,10,3000,2e-05,0.708,0.292,0.69923,0.69839,81.44
25.0,10,3500,1e-05,0.704,0.296,0.69453,0.6923,93.94
25.0,10,4000,1e-05,0.70733,0.29267,0.69827,0.69619,106.43
25.0,10,4500,1e-05,0.708,0.292,0.69925,0.69745,118.94
25.0,10,5000,1e-05,0.70733,0.29267,0.69782,0.69613,131.46
25.0,10,5500,0.0,0.70867,0.29133,0.69953,0.69828,143.89
25.0,10,6000,0.0,0.70933,0.29067,0.69961,0.69787,156.33
25.0,10,6500,0.0,0.71067,0.28933,0.70107,0.69951,168.84
25.0,10,7000,0.0,0.70667,0.29333,0.69712,0.69601,181.34
25.0,10,7500,0.0,0.71,0.29,0.70125,0.70117,193.85
25.0,10,8000,0.0,0.70867,0.29133,0.69949,0.69868,206.37
25.0,10,8500,0.0,0.70933,0.29067,0.69959,0.69888,218.89
25.0,10,9000,0.0,0.70933,0.29067,0.69917,0.69901,231.36
25.0,10,9500,0.0,0.71333,0.28667,0.70397,0.70291,243.86
25.0,10,10000,0.0,0.71,0.29,0.70003,0.69956,256.39
25.0,20,500,0.4275,0.52867,0.47133,0.51557,0.65762,18.54
25.0,20,1000,0.03614,0.81667,0.18333,0.81289,0.81307,30.27
25.0,20,1500,0.00019,0.81467,0.18533,0.81021,0.8121,41.94
25.0,20,2000,0.0001,0.81667,0.18333,0.81211,0.8141,53.57
25.0,20,2500,6e-05,0.81333,0.18667,0.80889,0.81021,65.23
25.0,20,3000,4e-05,0.81667,0.18333,0.81217,0.81399,76.87
25.0,20,3500,3e-05,0.81333,0.18667,0.8089,0.80982,88.51
25.0,20,4000,2e-05,0.81067,0.18933,0.80647,0.80812,100.21
25.0,20,4500,2e-05,0.81267,0.18733,0.80845,0.80991,111.93
25.0,20,5000,1e-05,0.81267,0.18733,0.80739,0.80918,123.61
25.0,20,5500,1e-05,0.81067,0.18933,0.80581,0.80743,135.85
25.0,20,6000,1e-05,0.81,0.19,0.80546,0.80683,148.33
25.0,20,6500,1e-05,0.81,0.19,0.80551,0.80922,160.82
25.0,20,7000,1e-05,0.812,0.188,0.80728,0.80895,173.3
25.0,20,7500,1e-05,0.81,0.19,0.80493,0.80632,185.81
25.0,20,8000,1e-05,0.80933,0.19067,0.80485,0.80714,198.29
25.0,20,8500,0.0,0.81133,0.18867,0.80698,0.8084,210.79
25.0,20,9000,0.0,0.81267,0.18733,0.80775,0.80935,223.29
25.0,20,9500,0.0,0.81067,0.18933,0.80605,0.80821,235.75
25.0,20,10000,0.0,0.81067,0.18933,0.80525,0.80809,248.22
25.0,50,500,0.62206,0.73133,0.26867,0.73084,0.77732,18.45
25.0,50,1000,0.1411,0.85,0.15,0.84896,0.86537,30.2
25.0,50,1500,0.06489,0.84133,0.15867,0.83377,0.86822,41.97
25.0,50,2000,0.03176,0.90933,0.09067,0.90998,0.91555,53.68
25.0,50,2500,0.02786,0.94133,0.05867,0.94105,0.94184,65.4
25.0,50,3000,0.00051,0.946,0.054,0.94574,0.94623,77.13
25.0,50,3500,0.04492,0.924,0.076,0.92393,0.92542,88.91
25.0,50,4000,0.01028,0.89533,0.10467,0.89373,0.89889,100.66
25.0,50,4500,0.0036,0.94333,0.05667,0.9433,0.9444,112.41
25.0,50,5000,0.00016,0.94667,0.05333,0.94658,0.9474,124.15
25.0,50,5500,0.00012,0.94667,0.05333,0.9466,0.94747,135.84
25.0,50,6000,8e-05,0.948,0.052,0.94789,0.949,147.5
25.0,50,6500,6e-05,0.94867,0.05133,0.94849,0.94885,159.19
25.0,50,7000,6e-05,0.94533,0.05467,0.94534,0.94644,170.92
25.0,50,7500,5e-05,0.948,0.052,0.94797,0.94886,182.64
25.0,50,8000,3e-05,0.948,0.052,0.94799,0.94898,194.37
25.0,50,8500,3e-05,0.948,0.052,0.94798,0.94917,206.14
25.0,50,9000,3e-05,0.95,0.05,0.9499,0.95061,217.86
25.0,50,9500,5e-05,0.94933,0.05067,0.94932,0.95033,229.59
25.0,50,10000,4e-05,0.94867,0.05133,0.94854,0.9493,241.35
25.0,100,500,0.68719,0.77533,0.22467,0.76362,0.82243,19.69
25.0,100,1000,0.25352,0.828,0.172,0.82749,0.85076,32.1
25.0,100,1500,0.13445,0.90667,0.09333,0.90515,0.91734,44.54
25.0,100,2000,0.08405,0.878,0.122,0.87453,0.8968,56.95
25.0,100,2500,0.06059,0.94067,0.05933,0.94031,0.94377,69.38
25.0,100,3000,0.03303,0.956,0.044,0.95543,0.9572,81.82
25.0,100,3500,0.03823,0.96467,0.03533,0.96462,0.96533,94.29
25.0,100,4000,0.01825,0.96267,0.03733,0.96276,0.96392,106.75
25.0,100,4500,0.02425,0.93867,0.06133,0.9391,0.94245,119.2
25.0,100,5000,0.01745,0.974,0.026,0.97398,0.97401,130.91
25.0,100,5500,0.01002,0.966,0.034,0.9661,0.96713,142.65
25.0,100,6000,0.00086,0.972,0.028,0.97195,0.97198,154.4
25.0,100,6500,0.00073,0.97533,0.02467,0.9752,0.97562,166.13
25.0,100,7000,0.00541,0.97667,0.02333,0.97656,0.97662,177.87
25.0,100,7500,0.00088,0.97533,0.02467,0.97528,0.9754,189.62
25.0,100,8000,0.00033,0.978,0.022,0.97792,0.97803,201.4
25.0,100,8500,0.00016,0.98,0.02,0.97993,0.97997,213.15
25.0,100,9000,0.00014,0.98067,0.01933,0.9806,0.98064,224.88
25.0,100,9500,0.00014,0.98067,0.01933,0.98062,0.98064,236.59
25.0,100,10000,0.00012,0.98067,0.01933,0.98061,0.98063,248.33
50.0,1,500,0.30581,0.234,0.766,0.22321,0.25243,25.37
50.0,1,1000,0.03467,0.29667,0.70333,0.26739,0.29533,39.3
50.0,1,1500,0.02116,0.26333,0.73667,0.2368,0.2647,53.19
50.0,1,2000,0.00076,0.30067,0.69933,0.28264,0.29237,67.08
50.0,1,2500,0.0095,0.306,0.694,0.28308,0.28649,81.02
50.0,1,3000,0.02469,0.258,0.742,0.24396,0.26837,95.03
50.0,1,3500,0.00559,0.23933,0.76067,0.20552,0.24019,109.07
50.0,1,4000,0.00303,0.26267,0.73733,0.24936,0.27577,123.01
50.0,1,4500,0.00034,0.23133,0.76867,0.21908,0.26798,136.93
50.0,1,5000,0.00035,0.26533,0.73467,0.25315,0.26845,150.84
50.0,1,5500,8e-05,0.26867,0.73133,0.25939,0.28282,164.77
50.0,1,6000,0.00205,0.23667,0.76333,0.22376,0.22339,178.76
50.0,1,6500,9e-05,0.242,0.758,0.22927,0.23432,192.8
50.0,1,7000,3e-05,0.25533,0.74467,0.24581,0.25144,206.69
50.0,1,7500,0.00027,0.24667,0.75333,0.23918,0.25205,220.62
50.0,1,8000,2e-05,0.246,0.754,0.23661,0.2534,234.52
50.0,1,8500,2e-05,0.25133,0.74867,0.24545,0.251,248.55
50.0,1,9000,1e-05,0.24533,0.75467,0.23775,0.2497,262.71
50.0,1,9500,1e-05,0.24867,0.75133,0.2399,0.25262,276.77
50.0,1,10000,3e-05,0.25067,0.74933,0.24063,0.24409,290.74
50.0,2,500,0.25025,0.40867,0.59133,0.38166,0.40815,21.9
50.0,2,1000,0.03841,0.434,0.566,0.42852,0.44464,38.98
50.0,2,1500,0.015,0.42533,0.57467,0.38492,0.45836,56.05
50.0,2,2000,0.01686,0.35533,0.64467,0.34353,0.35408,73.16
50.0,2,2500,0.00784,0.32267,0.67733,0.31817,0.34183,90.3
50.0,2,3000,0.00066,0.35067,0.64933,0.34867,0.35368,107.44
50.0,2,3500,0.02231,0.31933,0.68067,0.28248,0.32584,124.59
50.0,2,4000,0.01089,0.376,0.624,0.37535,0.40463,141.77
50.0,2,4500,0.0056,0.32667,0.67333,0.32902,0.35484,158.98
50.0,2,5000,0.00309,0.35333,0.64667,0.34697,0.35315,176.17
50.0,2,5500,0.00056,0.36867,0.63133,0.36039,0.36724,193.26
50.0,2,6000,4e-05,0.36133,0.63867,0.35441,0.35737,210.44
50.0,2,6500,4e-05,0.35867,0.64133,0.35398,0.35554,227.6
50.0,2,7000,1e-05,0.36467,0.63533,0.3606,0.36151,244.7
50.0,2,7500,2e-05,0.37067,0.62933,0.36393,0.36385,261.75
50.0,2,8000,1e-05,0.37667,0.62333,0.37133,0.37115,278.82
50.0,2,8500,1e-05,0.37667,0.62333,0.36981,0.37052,295.9
50.0,2,9000,1e-05,0.36867,0.63133,0.3634,0.36505,313.05
50.0,2,9500,1e-05,0.38,0.62,0.37546,0.37511,330.18
50.0,2,10000,1e-05,0.374,0.626,0.36907,0.37006,347.21
50.0,5,500,0.3429,0.62733,0.37267,0.6323,0.66565,25.98
50.0,5,1000,0.04693,0.72333,0.27667,0.71797,0.71896,46.49
50.0,5,1500,0.00026,0.738,0.262,0.73058,0.72882,66.93
50.0,5,2000,0.00013,0.73867,0.26133,0.73173,0.72948,87.35
50.0,5,2500,7e-05,0.73133,0.26867,0.72589,0.72532,107.88
50.0,5,3000,0.0541,0.70133,0.29867,0.69429,0.69434,128.42
50.0,5,3500,0.00022,0.708,0.292,0.70067,0.69977,148.94
50.0,5,4000,0.00011,0.71267,0.28733,0.70575,0.70503,169.45
50.0,5,4500,0.01182,0.64867,0.35133,0.63644,0.65134,189.98
50.0,5,5000,0.00074,0.70733,0.29267,0.69967,0.69898,210.53
50.0,5,5500,0.00012,0.69533,0.30467,0.68778,0.68555,231.04
50.0,5,6000,6e-05,0.702,0.298,0.69636,0.69415,251.48
50.0,5,6500,0.00454,0.66867,0.33133,0.65635,0.65962,272.05
50.0,5,7000,8e-05,0.68667,0.31333,0.67606,0.67934,292.58
50.0,5,7500,4e-05,0.69,0.31,0.68005,0.68195,313.07
50.0,5,8000,0.00019,0.66133,0.33867,0.65328,0.65299,333.65
50.0,5,8500,0.00011,0.67267,0.32733,0.66448,0.66359,354.2
50.0,5,9000,3e-05,0.67467,0.32533,0.66547,0.66431,374.76
50.0,5,9500,4e-05,0.67467,0.32533,0.66636,0.66502,395.3
50.0,5,10000,3e-05,0.67467,0.32533,0.66576,0.66543,415.9
50.0,10,500,0.29989,0.62067,0.37933,0.6096,0.66346,26.63
50.0,10,1000,0.00874,0.742,0.258,0.73882,0.74053,48.69
50.0,10,1500,5e-05,0.742,0.258,0.73891,0.74013,70.82
50.0,10,2000,3e-05,0.744,0.256,0.74104,0.74196,93.0
50.0,10,2500,2e-05,0.742,0.258,0.73913,0.74004,115.15
50.0,10,3000,1e-05,0.742,0.258,0.73779,0.73908,137.35
50.0,10,3500,1e-05,0.73933,0.26067,0.73498,0.73743,159.5
50.0,10,4000,1e-05,0.74533,0.25467,0.74201,0.74323,181.67
50.0,10,4500,1e-05,0.74667,0.25333,0.74293,0.74372,203.9
50.0,10,5000,0.0,0.74467,0.25533,0.74059,0.74134,226.12
50.0,10,5500,0.0,0.748,0.252,0.74456,0.74586,248.24
50.0,10,6000,0.0,0.74667,0.25333,0.7428,0.7434,270.4
50.0,10,6500,0.0,0.74667,0.25333,0.74262,0.74345,292.68
50.0,10,7000,0.0,0.74733,0.25267,0.74293,0.74365,314.88
50.0,10,7500,0.0,0.74733,0.25267,0.74374,0.74463,337.11
50.0,10,8000,0.0,0.74,0.26,0.73589,0.73773,359.31
50.0,10,8500,0.0,0.74267,0.25733,0.7388,0.74004,381.61
50.0,10,9000,0.0,0.74267,0.25733,0.7389,0.73932,403.81
50.0,10,9500,0.0,0.746,0.254,0.74254,0.74299,426.1
50.0,10,10000,0.0,0.746,0.254,0.7422,0.74271,448.39
50.0,20,500,0.39638,0.668,0.332,0.65896,0.71364,26.48
50.0,20,1000,0.03707,0.81867,0.18133,0.81467,0.81631,48.65
50.0,20,1500,0.00013,0.82733,0.17267,0.82384,0.82543,70.93
50.0,20,2000,5e-05,0.82667,0.17333,0.82315,0.82382,93.13
50.0,20,2500,3e-05,0.82533,0.17467,0.82198,0.82374,115.38
50.0,20,3000,2e-05,0.822,0.178,0.81797,0.81992,137.61
50.0,20,3500,2e-05,0.82267,0.17733,0.81942,0.8207,159.84
50.0,20,4000,1e-05,0.828,0.172,0.8247,0.82723,182.07
50.0,20,4500,1e-05,0.82333,0.17667,0.81957,0.82204,204.28
50.0,20,5000,1e-05,0.82667,0.17333,0.82331,0.82618,226.49
50.0,20,5500,1e-05,0.82867,0.17133,0.82499,0.82613,248.73
50.0,20,6000,1e-05,0.82133,0.17867,0.81739,0.81713,270.97
50.0,20,6500,0.0,0.82533,0.17467,0.82176,0.82268,293.24
50.0,20,7000,0.0,0.82267,0.17733,0.81908,0.81962,315.53
50.0,20,7500,0.0,0.82133,0.17867,0.81727,0.8187,337.78
50.0,20,8000,0.0,0.82267,0.17733,0.81872,0.81936,360.07
50.0,20,8500,0.0,0.824,0.176,0.82066,0.82108,382.34
50.0,20,9000,0.0,0.82467,0.17533,0.82126,0.82147,404.64
50.0,20,9500,0.0,0.824,0.176,0.82015,0.82228,426.95
50.0,20,10000,0.0,0.82067,0.17933,0.81651,0.81852,449.25
50.0,50,500,0.60117,0.68467,0.31533,0.65647,0.7534,27.22
50.0,50,1000,0.14517,0.85533,0.14467,0.85522,0.86798,50.86
50.0,50,1500,0.05031,0.924,0.076,0.92373,0.92861,74.53
50.0,50,2000,0.05201,0.928,0.072,0.92709,0.92947,98.16
50.0,50,2500,0.00964,0.946,0.054,0.94588,0.94638,120.55
50.0,50,3000,0.01948,0.75133,0.24867,0.75062,0.80409,142.89
50.0,50,3500,0.04355,0.94667,0.05333,0.94614,0.94742,165.19
50.0,50,4000,0.00091,0.92733,0.07267,0.926,0.92853,187.43
50.0,50,4500,0.00064,0.944,0.056,0.94373,0.94418,209.7
50.0,50,5000,0.00021,0.94867,0.05133,0.94847,0.94906,231.99
50.0,50,5500,0.04019,0.91933,0.08067,0.91762,0.92495,254.33
50.0,50,6000,0.0017,0.94267,0.05733,0.94221,0.94262,276.69
50.0,50,6500,0.0002,0.94467,0.05533,0.94426,0.9451,298.96
50.0,50,7000,0.00017,0.94533,0.05467,0.94499,0.94536,321.32
50.0,50,7500,0.00019,0.942,0.058,0.94142,0.94257,343.69
50.0,50,8000,0.00034,0.94667,0.05333,0.94633,0.94671,366.0
50.0,50,8500,0.00012,0.94867,0.05133,0.94846,0.94901,388.33
50.0,50,9000,0.00011,0.948,0.052,0.94776,0.94845,410.73
50.0,50,9500,8e-05,0.94867,0.05133,0.94841,0.94876,433.24
50.0,50,10000,7e-05,0.946,0.054,0.94563,0.9465,455.56
50.0,100,500,0.6457,0.72,0.28,0.7155,0.78861,26.79
50.0,100,1000,0.23536,0.82,0.18,0.81505,0.84676,49.04
50.0,100,1500,0.12436,0.932,0.068,0.93135,0.93863,71.3
50.0,100,2000,0.08676,0.93333,0.06667,0.93272,0.93993,93.56
50.0,100,2500,0.04201,0.902,0.098,0.90608,0.9302,115.92
50.0,100,3000,0.04249,0.93333,0.06667,0.93344,0.93759,138.32
50.0,100,3500,0.02934,0.958,0.042,0.95803,0.9595,160.77
50.0,100,4000,0.03753,0.968,0.032,0.96789,0.96871,183.2
50.0,100,4500,0.01511,0.97333,0.02667,0.97323,0.97336,205.63
50.0,100,5000,0.00568,0.97867,0.02133,0.97863,0.97868,228.02
50.0,100,5500,0.0005,0.97867,0.02133,0.97867,0.97877,250.35
50.0,100,6000,0.00249,0.90333,0.09667,0.90336,0.91837,272.78
50.0,100,6500,0.01319,0.95933,0.04067,0.95913,0.96052,295.21
50.0,100,7000,0.00041,0.97867,0.02133,0.97867,0.97873,317.63
50.0,100,7500,0.00019,0.97933,0.02067,0.97934,0.97939,340.03
50.0,100,8000,0.0003,0.98133,0.01867,0.98133,0.98135,362.56
50.0,100,8500,0.00017,0.97933,0.02067,0.97935,0.97946,384.94
50.0,100,9000,0.0001,0.98,0.02,0.98001,0.98011,407.37
50.0,100,9500,0.00019,0.98133,0.01867,0.9813,0.98134,429.79
50.0,100,10000,8e-05,0.98,0.02,0.97999,0.98,452.22
100.0,1,500,0.40211,0.328,0.672,0.31351,0.38207,34.71
100.0,1,1000,0.06112,0.28933,0.71067,0.28389,0.35593,53.19
100.0,1,1500,0.02443,0.33533,0.66467,0.31899,0.33782,71.71
100.0,1,2000,0.00494,0.35867,0.64133,0.35816,0.41703,90.26
100.0,1,2500,0.0002,0.40467,0.59533,0.39168,0.40936,108.78
100.0,1,3000,0.00016,0.37733,0.62267,0.36177,0.38677,127.33
100.0,1,3500,0.04865,0.308,0.692,0.29128,0.32749,145.99
100.0,1,4000,0.00484,0.35467,0.64533,0.33593,0.33617,163.94
100.0,1,4500,0.00476,0.30067,0.69933,0.28504,0.30483,181.9
100.0,1,5000,0.00445,0.30667,0.69333,0.2946,0.29637,199.15
100.0,1,5500,0.00036,0.32667,0.67333,0.30917,0.31567,217.83
100.0,1,6000,0.00041,0.32133,0.67867,0.31489,0.32259,236.42
100.0,1,6500,7e-05,0.342,0.658,0.32043,0.33436,255.08
100.0,1,7000,3e-05,0.33333,0.66667,0.31642,0.32694,273.75
100.0,1,7500,1e-05,0.352,0.648,0.33102,0.34033,292.43
100.0,1,8000,0.00025,0.338,0.662,0.32092,0.323,311.02
100.0,1,8500,5e-05,0.336,0.664,0.31716,0.32458,329.42
100.0,1,9000,1e-05,0.334,0.666,0.31615,0.32553,348.1
100.0,1,9500,5e-05,0.34,0.66,0.3225,0.32233,366.68
100.0,1,10000,0.0,0.33,0.67,0.31415,0.31788,385.3
100.0,2,500,0.2608,0.32133,0.67867,0.3098,0.53513,26.74
100.0,2,1000,0.04866,0.39133,0.60867,0.37757,0.41769,47.85
100.0,2,1500,0.02661,0.35,0.65,0.34207,0.38994,69.15
100.0,2,2000,0.01291,0.41067,0.58933,0.40401,0.42108,90.49
100.0,2,2500,0.0093,0.432,0.568,0.42447,0.42509,111.76
100.0,2,3000,0.01643,0.34333,0.65667,0.34067,0.38799,133.02
100.0,2,3500,0.00856,0.358,0.642,0.3496,0.36434,154.41
100.0,2,4000,0.00023,0.402,0.598,0.39083,0.39403,175.63
100.0,2,4500,0.01003,0.38933,0.61067,0.37298,0.39961,196.95
100.0,2,5000,0.00147,0.428,0.572,0.41649,0.42947,218.3
100.0,2,5500,9e-05,0.44467,0.55533,0.43448,0.45994,239.5
100.0,2,6000,0.00062,0.40733,0.59267,0.40005,0.42096,260.73
100.0,2,6500,2e-05,0.416,0.584,0.40737,0.42303,283.69
100.0,2,7000,1e-05,0.42133,0.57867,0.41438,0.42614,306.78
100.0,2,7500,1e-05,0.42267,0.57733,0.41404,0.42777,329.86
100.0,2,8000,0.00034,0.396,0.604,0.37772,0.40875,352.92
100.0,2,8500,4e-05,0.402,0.598,0.38184,0.40948,376.03
100.0,2,9000,4e-05,0.406,0.594,0.38634,0.40835,399.15
100.0,2,9500,1e-05,0.40733,0.59267,0.38599,0.40835,422.27
100.0,2,10000,1e-05,0.41,0.59,0.39071,0.41169,445.24
100.0,5,500,0.23246,0.50733,0.49267,0.51029,0.56361,32.24
100.0,5,1000,0.0157,0.60867,0.39133,0.60084,0.59585,57.81
100.0,5,1500,4e-05,0.62,0.38,0.61208,0.60925,83.29
100.0,5,2000,2e-05,0.618,0.382,0.60835,0.60506,108.89
100.0,5,2500,3e-05,0.62533,0.37467,0.61834,0.61768,134.51
100.0,5,3000,0.09695,0.65067,0.34933,0.64104,0.63805,160.17
100.0,5,3500,0.0002,0.64533,0.35467,0.63486,0.63367,185.83
100.0,5,4000,7e-05,0.64867,0.35133,0.6383,0.63592,211.51
100.0,5,4500,0.00014,0.64333,0.35667,0.63276,0.62974,237.06
100.0,5,5000,9e-05,0.634,0.366,0.62649,0.6252,262.67
100.0,5,5500,2e-05,0.63667,0.36333,0.62892,0.62688,288.34
100.0,5,6000,2e-05,0.63933,0.36067,0.62961,0.62719,313.97
100.0,5,6500,2e-05,0.63867,0.36133,0.62958,0.62763,339.63
100.0,5,7000,2e-05,0.63,0.37,0.62228,0.62143,365.31
100.0,5,7500,1e-05,0.64,0.36,0.63036,0.62738,391.02
100.0,5,8000,1e-05,0.63733,0.36267,0.62769,0.62483,416.64
100.0,5,8500,1e-05,0.63533,0.36467,0.62877,0.62749,442.27
100.0,5,9000,1e-05,0.63133,0.36867,0.62521,0.62432,467.99
100.0,5,9500,1e-05,0.638,0.362,0.62911,0.62701,493.78
100.0,5,10000,1e-05,0.63667,0.36333,0.63001,0.62839,519.51
100.0,10,500,0.26297,0.74133,0.25867,0.73431,0.73479,34.9
100.0,10,1000,0.00013,0.74667,0.25333,0.73908,0.7391,62.65
100.0,10,1500,3e-05,0.74533,0.25467,0.73797,0.73752,90.58
100.0,10,2000,2e-05,0.74533,0.25467,0.73748,0.73698,118.49
100.0,10,2500,1e-05,0.74467,0.25533,0.73641,0.73718,146.33
100.0,10,3000,1e-05,0.746,0.254,0.73725,0.73844,174.29
100.0,10,3500,0.0,0.74467,0.25533,0.73633,0.73704,202.23
100.0,10,4000,0.0,0.74733,0.25267,0.73938,0.74163,230.04
100.0,10,4500,0.0,0.75067,0.24933,0.74439,0.74537,257.87
100.0,10,5000,0.0,0.746,0.254,0.73832,0.73874,285.81
100.0,10,5500,0.0,0.74467,0.25533,0.73698,0.73752,313.67
100.0,10,6000,0.0,0.74667,0.25333,0.7378,0.73788,343.75
100.0,10,6500,0.0,0.74933,0.25067,0.74065,0.74067,374.18
100.0,10,7000,0.0,0.746,0.254,0.7387,0.73896,404.43
100.0,10,7500,0.0,0.746,0.254,0.73798,0.73808,434.74
100.0,10,8000,0.0,0.74533,0.25467,0.73735,0.73763,465.03
100.0,10,8500,0.0,0.74467,0.25533,0.73623,0.73565,495.26
100.0,10,9000,0.0,0.74867,0.25133,0.74071,0.74263,525.64
100.0,10,9500,0.0,0.744,0.256,0.7354,0.73717,555.97
100.0,10,10000,0.0,0.74933,0.25067,0.74109,0.74161,585.4
100.0,20,500,0.39789,0.582,0.418,0.54235,0.69434,34.54
100.0,20,1000,0.0637,0.648,0.352,0.63293,0.72151,62.34
100.0,20,1500,0.02608,0.82067,0.17933,0.81471,0.81746,90.19
100.0,20,2000,0.0001,0.83133,0.16867,0.8255,0.82942,118.06
100.0,20,2500,4e-05,0.834,0.166,0.82839,0.83194,148.36
100.0,20,3000,3e-05,0.83333,0.16667,0.82872,0.83131,178.62
100.0,20,3500,2e-05,0.834,0.166,0.82926,0.83062,208.97
100.0,20,4000,1e-05,0.83533,0.16467,0.83065,0.83249,239.26
100.0,20,4500,3e-05,0.82867,0.17133,0.82356,0.82601,268.86
100.0,20,5000,1e-05,0.83267,0.16733,0.82751,0.83097,296.66
100.0,20,5500,1e-05,0.828,0.172,0.8232,0.82641,324.46
100.0,20,6000,1e-05,0.824,0.176,0.81899,0.82316,352.35
100.0,20,6500,0.0,0.832,0.168,0.82752,0.82945,380.35
100.0,20,7000,0.0,0.832,0.168,0.82693,0.82873,408.27
100.0,20,7500,0.0,0.83133,0.16867,0.82678,0.82787,436.15
100.0,20,8000,0.0,0.82933,0.17067,0.82502,0.82713,463.89
100.0,20,8500,0.0,0.83133,0.16867,0.827,0.8302,491.9
100.0,20,9000,0.0,0.83133,0.16867,0.82681,0.82973,519.88
100.0,20,9500,0.0,0.828,0.172,0.82296,0.82622,547.83
100.0,20,10000,0.0,0.83,0.17,0.82584,0.82764,575.76
100.0,50,500,0.59549,0.58867,0.41133,0.58556,0.77795,34.32
100.0,50,1000,0.16834,0.89933,0.10067,0.89856,0.90455,62.06
100.0,50,1500,0.06918,0.89867,0.10133,0.89728,0.90972,89.98
100.0,50,2000,0.03352,0.93133,0.06867,0.93054,0.93447,118.02
100.0,50,2500,0.03995,0.92467,0.07533,0.92399,0.925,146.06
100.0,50,3000,0.0266,0.94067,0.05933,0.94031,0.94111,174.02
100.0,50,3500,0.00224,0.89333,0.10667,0.89087,0.90115,201.92
100.0,50,4000,0.03179,0.902,0.098,0.90093,0.90584,229.93
100.0,50,4500,0.00298,0.94533,0.05467,0.94526,0.94628,257.98
100.0,50,5000,0.00021,0.946,0.054,0.94605,0.94689,285.99
100.0,50,5500,7e-05,0.94467,0.05533,0.9446,0.94506,313.89
100.0,50,6000,5e-05,0.948,0.052,0.94783,0.94832,341.8
100.0,50,6500,5e-05,0.94667,0.05333,0.94657,0.947,369.85
100.0,50,7000,0.00015,0.948,0.052,0.94792,0.9487,397.88
100.0,50,7500,0.01025,0.93733,0.06267,0.93717,0.93788,425.97
100.0,50,8000,0.0002,0.94933,0.05067,0.9494,0.95011,454.05
100.0,50,8500,9e-05,0.94467,0.05533,0.94468,0.94524,482.05
100.0,50,9000,7e-05,0.95,0.05,0.94998,0.95057,510.16
100.0,50,9500,8e-05,0.94733,0.05267,0.94738,0.94816,538.31
100.0,50,10000,6e-05,0.94867,0.05133,0.94866,0.94929,566.37
100.0,100,500,0.64129,0.67133,0.32867,0.67693,0.76553,34.05
100.0,100,1000,0.23804,0.85867,0.14133,0.8583,0.8889,61.81
100.0,100,1500,0.13288,0.94667,0.05333,0.94699,0.94987,89.8
100.0,100,2000,0.07262,0.926,0.074,0.92642,0.93106,117.82
100.0,100,2500,0.06103,0.96467,0.03533,0.9646,0.96494,146.03
100.0,100,3000,0.04159,0.96,0.04,0.96008,0.96117,174.11
100.0,100,3500,0.03862,0.94267,0.05733,0.9425,0.94448,202.38
100.0,100,4000,0.01876,0.92067,0.07933,0.9187,0.92125,230.48
100.0,100,4500,0.02274,0.96867,0.03133,0.96865,0.96884,258.64
100.0,100,5000,0.02175,0.944,0.056,0.94322,0.94712,286.86
100.0,100,5500,0.00786,0.97667,0.02333,0.97666,0.97685,315.03
100.0,100,6000,0.00041,0.97933,0.02067,0.9793,0.97936,343.06
100.0,100,6500,0.00025,0.98,0.02,0.98,0.98008,371.15
100.0,100,7000,0.00302,0.97,0.03,0.96999,0.97041,399.25
100.0,100,7500,0.00556,0.97867,0.02133,0.97867,0.97871,427.21
100.0,100,8000,0.0002,0.98333,0.01667,0.98332,0.98335,455.35
100.0,100,8500,0.00025,0.97867,0.02133,0.9787,0.97881,483.41
100.0,100,9000,0.00013,0.98067,0.01933,0.98067,0.9807,511.5
100.0,100,9500,0.00011,0.98133,0.01867,0.98134,0.98138,539.62
100.0,100,10000,0.00015,0.98,0.02,0.98002,0.98011,567.68
